{"Train/mean_episode_length":599,"Loss/learning_rate":1e-05,"_step":117,"reward/finger":0.030331168323755264,"play/F1":0.290996253490448,"Perf/total_fps":9161,"_timestamp":1.7803787759699123e+09,"reward/onset":0.00171083421446383,"Loss/entropy":88.01914138793946,"Perf/learning_time":0.1046607494354248,"reward/key":0.23974207043647766,"Loss/value_function":2.6526737809181213,"play/recall":0.5212360620498657,"Train/mean_reward":164.1175281524658,"play/keys_sounding":1.275115966796875,"Policy/mean_noise_std":1.0514777898788452,"play/precision":0.20186826586723328,"_wandb":{"runtime":891},"Perf/collection time":7.0490570068359375,"_runtime":891.926190521,"Loss/surrogate":0.058730968472082166}