{"_runtime":1142.771510389,"_timestamp":1.7803806781947238e+09,"Loss/entropy":83.71767082214356,"Loss/surrogate":0.003027700271923095,"Loss/value_function":3.101757061481476,"Policy/mean_noise_std":0.9781265258789062,"Train/mean_episode_length":599,"_step":147,"Perf/total_fps":8672,"Perf/learning_time":0.10445713996887207,"reward/key":0.25242477655410767,"Loss/learning_rate":1.5000000000000002e-05,"play/F1":0.2925035357475281,"play/keys_sounding":1.5947418212890625,"play/precision":0.20050033926963806,"Perf/collection time":7.4525673389434814,"Train/mean_reward":164.22624881744386,"play/recall":0.5406948328018188,"_wandb":{"runtime":1142},"reward/finger":0.028390347957611084,"reward/onset":0.0032476112246513367}